group,function,value,throughput_num,throughput_type,sample_measured_value,unit,iteration_count
format_url_macro,,,,,1103300.0,ns,5599
format_url_macro,,,,,2263400.0,ns,11198
format_url_macro,,,,,3646800.0,ns,16797
format_url_macro,,,,,4766300.0,ns,22396
format_url_macro,,,,,5264800.0,ns,27995
format_url_macro,,,,,6813200.0,ns,33594
format_url_macro,,,,,6547700.0,ns,39193
format_url_macro,,,,,9347700.0,ns,44792
format_url_macro,,,,,9847400.0,ns,50391
format_url_macro,,,,,10081800.0,ns,55990
format_url_macro,,,,,11140800.0,ns,61589
format_url_macro,,,,,11962000.0,ns,67188
format_url_macro,,,,,11906500.0,ns,72787
format_url_macro,,,,,13631700.0,ns,78386
format_url_macro,,,,,14672900.0,ns,83985
format_url_macro,,,,,15883800.0,ns,89584
format_url_macro,,,,,16721600.0,ns,95183
format_url_macro,,,,,17582900.0,ns,100782
format_url_macro,,,,,19678600.0,ns,106381
format_url_macro,,,,,18671900.0,ns,111980
format_url_macro,,,,,20404400.0,ns,117579
format_url_macro,,,,,22613300.0,ns,123178
format_url_macro,,,,,24857900.0,ns,128777
format_url_macro,,,,,26237900.0,ns,134376
format_url_macro,,,,,23474500.0,ns,139975
format_url_macro,,,,,26446500.0,ns,145574
format_url_macro,,,,,26239400.0,ns,151173
format_url_macro,,,,,27273500.0,ns,156772
format_url_macro,,,,,26256500.0,ns,162371
format_url_macro,,,,,27479500.0,ns,167970
format_url_macro,,,,,28620200.0,ns,173569
format_url_macro,,,,,33004500.0,ns,179168
format_url_macro,,,,,30252000.0,ns,184767
format_url_macro,,,,,32830000.0,ns,190366
format_url_macro,,,,,31890900.0,ns,195965
format_url_macro,,,,,33629300.0,ns,201564
format_url_macro,,,,,35614200.0,ns,207163
format_url_macro,,,,,36712500.0,ns,212762
format_url_macro,,,,,36830700.0,ns,218361
format_url_macro,,,,,36631300.0,ns,223960
format_url_macro,,,,,38191400.0,ns,229559
format_url_macro,,,,,39230900.0,ns,235158
format_url_macro,,,,,45023500.0,ns,240757
format_url_macro,,,,,46131900.0,ns,246356
format_url_macro,,,,,51084400.0,ns,251955
format_url_macro,,,,,53884500.0,ns,257554
format_url_macro,,,,,56650800.0,ns,263153
format_url_macro,,,,,46543900.0,ns,268752
format_url_macro,,,,,48764000.0,ns,274351
format_url_macro,,,,,63897500.0,ns,279950
format_url_macro,,,,,51434100.0,ns,285549
format_url_macro,,,,,52640800.0,ns,291148
format_url_macro,,,,,51599900.0,ns,296747
format_url_macro,,,,,54582500.0,ns,302346
format_url_macro,,,,,57078100.0,ns,307945
format_url_macro,,,,,58174900.0,ns,313544
format_url_macro,,,,,60805800.0,ns,319143
format_url_macro,,,,,61101100.0,ns,324742
format_url_macro,,,,,59736900.0,ns,330341
format_url_macro,,,,,60853000.0,ns,335940
format_url_macro,,,,,60751700.0,ns,341539
format_url_macro,,,,,57178400.0,ns,347138
format_url_macro,,,,,57951900.0,ns,352737
format_url_macro,,,,,59886800.0,ns,358336
format_url_macro,,,,,65772000.0,ns,363935
format_url_macro,,,,,69494200.0,ns,369534
format_url_macro,,,,,68778400.0,ns,375133
format_url_macro,,,,,77561500.0,ns,380732
format_url_macro,,,,,67380200.0,ns,386331
format_url_macro,,,,,66296600.0,ns,391930
format_url_macro,,,,,68543700.0,ns,397529
format_url_macro,,,,,69845600.0,ns,403128
format_url_macro,,,,,67114600.0,ns,408727
format_url_macro,,,,,68191000.0,ns,414326
format_url_macro,,,,,73812800.0,ns,419925
format_url_macro,,,,,69469800.0,ns,425524
format_url_macro,,,,,69976200.0,ns,431123
format_url_macro,,,,,72621700.0,ns,436722
format_url_macro,,,,,74768000.0,ns,442321
format_url_macro,,,,,78782100.0,ns,447920
format_url_macro,,,,,91070600.0,ns,453519
format_url_macro,,,,,75531700.0,ns,459118
format_url_macro,,,,,77643700.0,ns,464717
format_url_macro,,,,,77669800.0,ns,470316
format_url_macro,,,,,90381000.0,ns,475915
format_url_macro,,,,,85714800.0,ns,481514
format_url_macro,,,,,82190700.0,ns,487113
format_url_macro,,,,,81211100.0,ns,492712
format_url_macro,,,,,82547800.0,ns,498311
format_url_macro,,,,,82805200.0,ns,503910
format_url_macro,,,,,86383000.0,ns,509509
format_url_macro,,,,,87534400.0,ns,515108
format_url_macro,,,,,90682400.0,ns,520707
format_url_macro,,,,,88979100.0,ns,526306
format_url_macro,,,,,104337200.0,ns,531905
format_url_macro,,,,,112440900.0,ns,537504
format_url_macro,,,,,101059900.0,ns,543103
format_url_macro,,,,,89984000.0,ns,548702
format_url_macro,,,,,110764800.0,ns,554301
format_url_macro,,,,,115220700.0,ns,559900
